shield_g_cm2,mapping_id,estimate_type,period_source,tau_s,scan_mode,write_policy,reads_per_cycle,writes_per_cycle_or_expected,t_read_effective_s,t_write_effective_s,tau_min_arch_s,resource_margin,period_feasible,architecture_status,reads_per_s,writes_per_s,interface_fraction,interface_percent
1.5,W_00_01,POINT,TAU_MAX_U,112.994,R1,U,524288,524288,4.5e-08,4.5e-08,0.0471859,2394.64,True,ARCHITECTURALLY-FEASIBLE,4639.98,4639.983708,0.000417599,0.0417599
1.5,W_00_01,POINT,TAU_MAX_U,112.994,R2,U,2097152,2097152,4.5e-08,4.5e-08,0.188744,598.661,True,ARCHITECTURALLY-FEASIBLE,18559.9,18559.93483,0.00167039,0.167039
1.75,W_00_01,POINT,TAU_MAX_U,127.814,R1,U,524288,524288,4.5e-08,4.5e-08,0.0471859,2708.73,True,ARCHITECTURALLY-FEASIBLE,4101.96,4101.962129,0.000369177,0.0369177
1.75,W_00_01,POINT,TAU_MAX_U,127.814,R2,U,2097152,2097152,4.5e-08,4.5e-08,0.188744,677.183,True,ARCHITECTURALLY-FEASIBLE,16407.8,16407.84852,0.00147671,0.147671
2,W_00_01,POINT,TAU_MAX_U,141.841,R1,U,524288,524288,4.5e-08,4.5e-08,0.0471859,3006.01,True,ARCHITECTURALLY-FEASIBLE,3696.3,3696.299236,0.000332667,0.0332667
2,W_00_01,POINT,TAU_MAX_U,141.841,R2,U,2097152,2097152,4.5e-08,4.5e-08,0.188744,751.502,True,ARCHITECTURALLY-FEASIBLE,14785.2,14785.19695,0.00133067,0.133067
2.25,W_00_01,POINT,TAU_MAX_U,155.757,R1,U,524288,524288,4.5e-08,4.5e-08,0.0471859,3300.93,True,ARCHITECTURALLY-FEASIBLE,3366.06,3366.058568,0.000302945,0.0302945
2.25,W_00_01,POINT,TAU_MAX_U,155.757,R2,U,2097152,2097152,4.5e-08,4.5e-08,0.188744,825.232,True,ARCHITECTURALLY-FEASIBLE,13464.2,13464.23427,0.00121178,0.121178
2.5,W_00_01,POINT,TAU_MAX_U,168.977,R1,U,524288,524288,4.5e-08,4.5e-08,0.0471859,3581.1,True,ARCHITECTURALLY-FEASIBLE,3102.71,3102.709771,0.000279244,0.0279244
2.5,W_00_01,POINT,TAU_MAX_U,168.977,R2,U,2097152,2097152,4.5e-08,4.5e-08,0.188744,895.275,True,ARCHITECTURALLY-FEASIBLE,12410.8,12410.83908,0.00111698,0.111698
2.75,W_00_01,POINT,TAU_MAX_U,182.531,R1,U,524288,524288,4.5e-08,4.5e-08,0.0471859,3868.33,True,ARCHITECTURALLY-FEASIBLE,2872.32,2872.324896,0.000258509,0.0258509
2.75,W_00_01,POINT,TAU_MAX_U,182.531,R2,U,2097152,2097152,4.5e-08,4.5e-08,0.188744,967.083,True,ARCHITECTURALLY-FEASIBLE,11489.3,11489.29959,0.00103404,0.103404
3,W_00_01,POINT,TAU_MAX_U,195.84,R1,U,524288,524288,4.5e-08,4.5e-08,0.0471859,4150.38,True,ARCHITECTURALLY-FEASIBLE,2677.13,2677.130247,0.000240942,0.0240942
3,W_00_01,POINT,TAU_MAX_U,195.84,R2,U,2097152,2097152,4.5e-08,4.5e-08,0.188744,1037.6,True,ARCHITECTURALLY-FEASIBLE,10708.5,10708.52099,0.000963767,0.0963767
3.5,W_00_01,POINT,TAU_MAX_U,223.5,R1,U,524288,524288,4.5e-08,4.5e-08,0.0471859,4736.58,True,ARCHITECTURALLY-FEASIBLE,2345.81,2345.807863,0.000211123,0.0211123
3.5,W_00_01,POINT,TAU_MAX_U,223.5,R2,U,2097152,2097152,4.5e-08,4.5e-08,0.188744,1184.15,True,ARCHITECTURALLY-FEASIBLE,9383.23,9383.231453,0.000844491,0.0844491
4,W_00_01,POINT,TAU_MAX_U,251.549,R1,U,524288,524288,4.5e-08,4.5e-08,0.0471859,5331.02,True,ARCHITECTURALLY-FEASIBLE,2084.24,2084.237701,0.000187581,0.0187581
4,W_00_01,POINT,TAU_MAX_U,251.549,R2,U,2097152,2097152,4.5e-08,4.5e-08,0.188744,1332.75,True,ARCHITECTURALLY-FEASIBLE,8336.95,8336.950806,0.000750326,0.0750326
2.25,W_00_01,ARTICLE_CONFIDENCE_STYLE,TAU_MAX_U,8.48705,R1,U,524288,524288,4.5e-08,4.5e-08,0.0471859,179.864,True,ARCHITECTURALLY-FEASIBLE,61775,61775.0335,0.00555975,0.555975
2.25,W_00_01,ARTICLE_CONFIDENCE_STYLE,TAU_MAX_U,8.48705,R2,U,2097152,2097152,4.5e-08,4.5e-08,0.188744,44.966,True,ARCHITECTURALLY-FEASIBLE,247100,247100.134,0.022239,2.2239
2.5,W_00_01,ARTICLE_CONFIDENCE_STYLE,TAU_MAX_U,20.4586,R1,U,524288,524288,4.5e-08,4.5e-08,0.0471859,433.575,True,ARCHITECTURALLY-FEASIBLE,25626.7,25626.74476,0.00230641,0.230641
2.5,W_00_01,ARTICLE_CONFIDENCE_STYLE,TAU_MAX_U,20.4586,R2,U,2097152,2097152,4.5e-08,4.5e-08,0.188744,108.394,True,ARCHITECTURALLY-FEASIBLE,102507,102506.979,0.00922563,0.922563
2.75,W_00_01,ARTICLE_CONFIDENCE_STYLE,TAU_MAX_U,32.9023,R1,U,524288,524288,4.5e-08,4.5e-08,0.0471859,697.292,True,ARCHITECTURALLY-FEASIBLE,15934.7,15934.66742,0.00143412,0.143412
2.75,W_00_01,ARTICLE_CONFIDENCE_STYLE,TAU_MAX_U,32.9023,R2,U,2097152,2097152,4.5e-08,4.5e-08,0.188744,174.323,True,ARCHITECTURALLY-FEASIBLE,63738.7,63738.66968,0.00573648,0.573648
3,W_00_01,ARTICLE_CONFIDENCE_STYLE,TAU_MAX_U,45.6849,R1,U,524288,524288,4.5e-08,4.5e-08,0.0471859,968.19,True,ARCHITECTURALLY-FEASIBLE,11476.2,11476.16994,0.00103286,0.103286
3,W_00_01,ARTICLE_CONFIDENCE_STYLE,TAU_MAX_U,45.6849,R2,U,2097152,2097152,4.5e-08,4.5e-08,0.188744,242.047,True,ARCHITECTURALLY-FEASIBLE,45904.7,45904.67977,0.00413142,0.413142
3.5,W_00_01,ARTICLE_CONFIDENCE_STYLE,TAU_MAX_U,71.1591,R1,U,524288,524288,4.5e-08,4.5e-08,0.0471859,1508.06,True,ARCHITECTURALLY-FEASIBLE,7367.82,7367.824985,0.000663104,0.0663104
3.5,W_00_01,ARTICLE_CONFIDENCE_STYLE,TAU_MAX_U,71.1591,R2,U,2097152,2097152,4.5e-08,4.5e-08,0.188744,377.015,True,ARCHITECTURALLY-FEASIBLE,29471.3,29471.29994,0.00265242,0.265242
4,W_00_01,ARTICLE_CONFIDENCE_STYLE,TAU_MAX_U,96.8229,R1,U,524288,524288,4.5e-08,4.5e-08,0.0471859,2051.94,True,ARCHITECTURALLY-FEASIBLE,5414.92,5414.919836,0.000487343,0.0487343
4,W_00_01,ARTICLE_CONFIDENCE_STYLE,TAU_MAX_U,96.8229,R2,U,2097152,2097152,4.5e-08,4.5e-08,0.188744,512.986,True,ARCHITECTURALLY-FEASIBLE,21659.7,21659.67934,0.00194937,0.194937
