energy_mev,main_loglog,linear_energy,gap_linear_5_40,low_hold,supported_only_diagnostic,experimental_sigma_cm2_per_bit,experimental_value_type,experimental_source
0.11,0.000000000e+00,0.000000000e+00,0.000000000e+00,9.410000000e-10,0.000000000e+00,,,
0.112686749,0.000000000e+00,0.000000000e+00,0.000000000e+00,9.410000000e-10,0.000000000e+00,,,
0.115439122,0.000000000e+00,0.000000000e+00,0.000000000e+00,9.410000000e-10,0.000000000e+00,,,
0.118258721,0.000000000e+00,0.000000000e+00,0.000000000e+00,9.410000000e-10,0.000000000e+00,,,
0.121147189,0.000000000e+00,0.000000000e+00,0.000000000e+00,9.410000000e-10,0.000000000e+00,,,
0.124106208,0.000000000e+00,0.000000000e+00,0.000000000e+00,9.410000000e-10,0.000000000e+00,,,
0.127137501,0.000000000e+00,0.000000000e+00,0.000000000e+00,9.410000000e-10,0.000000000e+00,,,
0.130242833,0.000000000e+00,0.000000000e+00,0.000000000e+00,9.410000000e-10,0.000000000e+00,,,
0.133424013,0.000000000e+00,0.000000000e+00,0.000000000e+00,9.410000000e-10,0.000000000e+00,,,
0.136682893,0.000000000e+00,0.000000000e+00,0.000000000e+00,9.410000000e-10,0.000000000e+00,,,
0.140021372,0.000000000e+00,0.000000000e+00,0.000000000e+00,9.410000000e-10,0.000000000e+00,,,
0.143441392,0.000000000e+00,0.000000000e+00,0.000000000e+00,9.410000000e-10,0.000000000e+00,,,
0.146944947,0.000000000e+00,0.000000000e+00,0.000000000e+00,9.410000000e-10,0.000000000e+00,,,
0.150534076,0.000000000e+00,0.000000000e+00,0.000000000e+00,9.410000000e-10,0.000000000e+00,,,
0.154210869,0.000000000e+00,0.000000000e+00,0.000000000e+00,9.410000000e-10,0.000000000e+00,,,
0.157977468,0.000000000e+00,0.000000000e+00,0.000000000e+00,9.410000000e-10,0.000000000e+00,,,
0.161836066,0.000000000e+00,0.000000000e+00,0.000000000e+00,9.410000000e-10,0.000000000e+00,,,
0.16578891,0.000000000e+00,0.000000000e+00,0.000000000e+00,9.410000000e-10,0.000000000e+00,,,
0.169838303,0.000000000e+00,0.000000000e+00,0.000000000e+00,9.410000000e-10,0.000000000e+00,,,
0.173986602,0.000000000e+00,0.000000000e+00,0.000000000e+00,9.410000000e-10,0.000000000e+00,,,
0.178236223,0.000000000e+00,0.000000000e+00,0.000000000e+00,9.410000000e-10,0.000000000e+00,,,
0.182589641,0.000000000e+00,0.000000000e+00,0.000000000e+00,9.410000000e-10,0.000000000e+00,,,
0.187049391,0.000000000e+00,0.000000000e+00,0.000000000e+00,9.410000000e-10,0.000000000e+00,,,
0.19161807,0.000000000e+00,0.000000000e+00,0.000000000e+00,9.410000000e-10,0.000000000e+00,,,
0.19629834,0.000000000e+00,0.000000000e+00,0.000000000e+00,9.410000000e-10,0.000000000e+00,,,
0.201092925,0.000000000e+00,0.000000000e+00,0.000000000e+00,9.410000000e-10,0.000000000e+00,,,
0.206004618,0.000000000e+00,0.000000000e+00,0.000000000e+00,9.410000000e-10,0.000000000e+00,,,
0.211036278,0.000000000e+00,0.000000000e+00,0.000000000e+00,9.410000000e-10,0.000000000e+00,,,
0.216190837,0.000000000e+00,0.000000000e+00,0.000000000e+00,9.410000000e-10,0.000000000e+00,,,
0.221471297,0.000000000e+00,0.000000000e+00,0.000000000e+00,9.410000000e-10,0.000000000e+00,,,
0.226880731,0.000000000e+00,0.000000000e+00,0.000000000e+00,9.410000000e-10,0.000000000e+00,,,
0.23242229,0.000000000e+00,0.000000000e+00,0.000000000e+00,9.410000000e-10,0.000000000e+00,,,
0.238099203,0.000000000e+00,0.000000000e+00,0.000000000e+00,9.410000000e-10,0.000000000e+00,,,
0.243914773,0.000000000e+00,0.000000000e+00,0.000000000e+00,9.410000000e-10,0.000000000e+00,,,
0.249872389,0.000000000e+00,0.000000000e+00,0.000000000e+00,9.410000000e-10,0.000000000e+00,,,
0.25597552,0.000000000e+00,0.000000000e+00,0.000000000e+00,9.410000000e-10,0.000000000e+00,,,
0.262227719,0.000000000e+00,0.000000000e+00,0.000000000e+00,9.410000000e-10,0.000000000e+00,,,
0.268632629,0.000000000e+00,0.000000000e+00,0.000000000e+00,9.410000000e-10,0.000000000e+00,,,
0.275193978,0.000000000e+00,0.000000000e+00,0.000000000e+00,9.410000000e-10,0.000000000e+00,,,
0.281915588,0.000000000e+00,0.000000000e+00,0.000000000e+00,9.410000000e-10,0.000000000e+00,,,
0.288801374,0.000000000e+00,0.000000000e+00,0.000000000e+00,9.410000000e-10,0.000000000e+00,,,
0.295855344,0.000000000e+00,0.000000000e+00,0.000000000e+00,9.410000000e-10,0.000000000e+00,,,
0.303081608,0.000000000e+00,0.000000000e+00,0.000000000e+00,9.410000000e-10,0.000000000e+00,,,
0.310484374,0.000000000e+00,0.000000000e+00,0.000000000e+00,9.410000000e-10,0.000000000e+00,,,
0.318067951,0.000000000e+00,0.000000000e+00,0.000000000e+00,9.410000000e-10,0.000000000e+00,,,
0.325836758,0.000000000e+00,0.000000000e+00,0.000000000e+00,9.410000000e-10,0.000000000e+00,,,
0.333795318,0.000000000e+00,0.000000000e+00,0.000000000e+00,9.410000000e-10,0.000000000e+00,,,
0.341948265,0.000000000e+00,0.000000000e+00,0.000000000e+00,9.410000000e-10,0.000000000e+00,,,
0.350300348,0.000000000e+00,0.000000000e+00,0.000000000e+00,9.410000000e-10,0.000000000e+00,,,
0.35885643,0.000000000e+00,0.000000000e+00,0.000000000e+00,9.410000000e-10,0.000000000e+00,,,
0.367621495,0.000000000e+00,0.000000000e+00,0.000000000e+00,9.410000000e-10,0.000000000e+00,,,
0.376600647,0.000000000e+00,0.000000000e+00,0.000000000e+00,9.410000000e-10,0.000000000e+00,,,
0.385799114,0.000000000e+00,0.000000000e+00,0.000000000e+00,9.410000000e-10,0.000000000e+00,,,
0.395222253,0.000000000e+00,0.000000000e+00,0.000000000e+00,9.410000000e-10,0.000000000e+00,,,
0.404875553,0.000000000e+00,0.000000000e+00,0.000000000e+00,9.410000000e-10,0.000000000e+00,,,
0.414764634,0.000000000e+00,0.000000000e+00,0.000000000e+00,9.410000000e-10,0.000000000e+00,,,
0.424895256,0.000000000e+00,0.000000000e+00,0.000000000e+00,9.410000000e-10,0.000000000e+00,,,
0.435273319,0.000000000e+00,0.000000000e+00,0.000000000e+00,9.410000000e-10,0.000000000e+00,,,
0.445904865,0.000000000e+00,0.000000000e+00,0.000000000e+00,9.410000000e-10,0.000000000e+00,,,
0.456796087,0.000000000e+00,0.000000000e+00,0.000000000e+00,9.410000000e-10,0.000000000e+00,,,
0.467953327,0.000000000e+00,0.000000000e+00,0.000000000e+00,9.410000000e-10,0.000000000e+00,,,
0.479383083,0.000000000e+00,0.000000000e+00,0.000000000e+00,9.410000000e-10,0.000000000e+00,,,
0.49109201,0.000000000e+00,0.000000000e+00,0.000000000e+00,9.410000000e-10,0.000000000e+00,,,
0.503086927,0.000000000e+00,0.000000000e+00,0.000000000e+00,9.410000000e-10,0.000000000e+00,,,
0.51537482,0.000000000e+00,0.000000000e+00,0.000000000e+00,9.410000000e-10,0.000000000e+00,,,
0.527962845,0.000000000e+00,0.000000000e+00,0.000000000e+00,9.410000000e-10,0.000000000e+00,,,
0.540858333,0.000000000e+00,0.000000000e+00,0.000000000e+00,9.410000000e-10,0.000000000e+00,,,
0.554068792,0.000000000e+00,0.000000000e+00,0.000000000e+00,9.410000000e-10,0.000000000e+00,,,
0.567601917,0.000000000e+00,0.000000000e+00,0.000000000e+00,9.410000000e-10,0.000000000e+00,,,
0.581465588,0.000000000e+00,0.000000000e+00,0.000000000e+00,9.410000000e-10,0.000000000e+00,,,
0.595667879,0.000000000e+00,0.000000000e+00,0.000000000e+00,9.410000000e-10,0.000000000e+00,,,
0.610217061,0.000000000e+00,0.000000000e+00,0.000000000e+00,9.410000000e-10,0.000000000e+00,,,
0.613981763,0.000000000e+00,0.000000000e+00,0.000000000e+00,9.410000000e-10,0.000000000e+00,,,
0.625121607,3.665008701e-11,3.665008701e-11,3.665008701e-11,9.410000000e-10,0.000000000e+00,,,
0.640390196,8.688374510e-11,8.688374510e-11,8.688374510e-11,9.410000000e-10,0.000000000e+00,,,
0.65603172,1.383443598e-10,1.383443598e-10,1.383443598e-10,9.410000000e-10,0.000000000e+00,,,
0.672055289,1.910618995e-10,1.910618995e-10,1.910618995e-10,9.410000000e-10,0.000000000e+00,,,
0.688470232,2.450670646e-10,2.450670646e-10,2.450670646e-10,9.410000000e-10,0.000000000e+00,,,
0.705286111,3.003913053e-10,3.003913053e-10,3.003913053e-10,9.410000000e-10,0.000000000e+00,,,
0.722512717,3.570668400e-10,3.570668400e-10,3.570668400e-10,9.410000000e-10,0.000000000e+00,,,
0.740160083,4.151266742e-10,4.151266742e-10,4.151266742e-10,9.410000000e-10,0.000000000e+00,,,
0.758238486,4.746046192e-10,4.746046192e-10,4.746046192e-10,9.410000000e-10,0.000000000e+00,,,
0.776758454,5.355353124e-10,5.355353124e-10,5.355353124e-10,9.410000000e-10,0.000000000e+00,,,
0.795730771,5.979542372e-10,5.979542372e-10,5.979542372e-10,9.410000000e-10,0.000000000e+00,,,
0.815166487,6.618977436e-10,6.618977436e-10,6.618977436e-10,9.410000000e-10,0.000000000e+00,,,
0.835076921,7.274030695e-10,7.274030695e-10,7.274030695e-10,9.410000000e-10,0.000000000e+00,,,
0.855473666,7.945083624e-10,7.945083624e-10,7.945083624e-10,9.410000000e-10,0.000000000e+00,,,
0.876368602,8.632527014e-10,8.632527014e-10,8.632527014e-10,9.410000000e-10,0.000000000e+00,,,
0.897773897,9.336761202e-10,9.336761202e-10,9.336761202e-10,9.410000000e-10,0.000000000e+00,,,
0.9,9.410000000e-10,9.410000000e-10,9.410000000e-10,9.410000000e-10,9.410000000e-10,9.410000000e-10,experimental marker-centre digitization,REDW2020 Fig.6 digitized experimental CNA marker
0.919702015,1.000812654e-09,1.005819630e-09,1.000812654e-09,1.000812654e-09,1.000812654e-09,,,
0.942165728,1.071955238e-09,1.079725245e-09,1.071955238e-09,1.071955238e-09,1.071955238e-09,,,
0.965178117,1.148154979e-09,1.155436003e-09,1.148154979e-09,1.148154979e-09,1.148154979e-09,,,
0.988752583,1.229771366e-09,1.232995997e-09,1.229771366e-09,1.229771366e-09,1.229771366e-09,,,
1,1.270000000e-09,1.270000000e-09,1.270000000e-09,1.270000000e-09,1.270000000e-09,1.270000000e-09,experimental marker-centre digitization,REDW2020 Fig.6 digitized experimental CNA marker
1.01290285,1.087939498e-09,1.158003222e-09,1.087939498e-09,1.087939498e-09,1.087939498e-09,,,
1.037643,8.130500383e-10,9.432587874e-10,8.130500383e-10,8.130500383e-10,8.130500383e-10,,,
1.06298742,6.076168444e-10,7.232692221e-10,6.076168444e-10,6.076168444e-10,6.076168444e-10,,,
1.08895087,4.540904154e-10,4.979064138e-10,4.540904154e-10,4.540904154e-10,4.540904154e-10,,,
1.1,4.020000000e-10,4.020000000e-10,4.020000000e-10,4.020000000e-10,4.020000000e-10,4.020000000e-10,experimental marker-centre digitization,REDW2020 Fig.6 digitized experimental CNA marker
1.11554849,3.676341464e-10,3.885427833e-10,3.676341464e-10,3.676341464e-10,3.676341464e-10,,,
1.14279575,3.152762669e-10,3.649602791e-10,3.152762669e-10,3.152762669e-10,3.152762669e-10,,,
1.17070852,2.703751146e-10,3.408017724e-10,2.703751146e-10,2.703751146e-10,2.703751146e-10,,,
1.19930307,2.318687141e-10,3.160531945e-10,2.318687141e-10,2.318687141e-10,2.318687141e-10,,,
1.22859603,1.988463349e-10,2.907001327e-10,1.988463349e-10,1.988463349e-10,1.988463349e-10,,,
1.25860448,1.705269512e-10,2.647278227e-10,1.705269512e-10,1.705269512e-10,1.705269512e-10,,,
1.28934588,1.462407698e-10,2.381211393e-10,1.462407698e-10,1.462407698e-10,1.462407698e-10,,,
1.32083814,1.254133883e-10,2.108645878e-10,1.254133883e-10,1.254133883e-10,1.254133883e-10,,,
1.3530996,1.075522099e-10,1.829422954e-10,1.075522099e-10,1.075522099e-10,1.075522099e-10,,,
1.38614905,9.223479257e-11,1.543380013e-10,9.223479257e-11,9.223479257e-11,9.223479257e-11,,,
1.42000572,7.909885783e-11,1.250350476e-10,7.909885783e-11,7.909885783e-11,7.909885783e-11,,,
1.45468935,6.783372234e-11,9.501636946e-11,6.783372234e-11,6.783372234e-11,6.783372234e-11,,,
1.49022012,5.817294981e-11,6.426448546e-11,5.817294981e-11,5.817294981e-11,5.817294981e-11,,,
1.5,5.580000000e-11,5.580000000e-11,5.580000000e-11,5.580000000e-11,5.580000000e-11,5.580000000e-11,experimental marker-centre digitization,REDW2020 Fig.6 digitized experimental CNA marker
1.52661873,4.938682792e-11,5.435753088e-11,4.938682792e-11,4.938682792e-11,4.938682792e-11,,,
1.56390638,4.177056830e-11,5.233691327e-11,4.177056830e-11,4.177056830e-11,4.177056830e-11,,,
1.60210478,3.532886095e-11,5.026694208e-11,3.532886095e-11,3.532886095e-11,3.532886095e-11,,,
1.64123617,2.988057062e-11,4.814641188e-11,2.988057062e-11,2.988057062e-11,2.988057062e-11,,,
1.68132335,2.527249611e-11,4.597408774e-11,2.527249611e-11,2.527249611e-11,2.527249611e-11,,,
1.72238965,2.137506233e-11,4.374870460e-11,2.137506233e-11,2.137506233e-11,2.137506233e-11,,,
1.76445901,1.807867681e-11,4.146896651e-11,1.807867681e-11,1.807867681e-11,1.807867681e-11,,,
1.8075559,1.529064806e-11,3.913354583e-11,1.529064806e-11,1.529064806e-11,1.529064806e-11,,,
1.85170543,1.293257912e-11,3.674108253e-11,1.293257912e-11,1.293257912e-11,1.293257912e-11,,,
1.89693332,1.093816311e-11,3.429018334e-11,1.093816311e-11,1.093816311e-11,1.093816311e-11,,,
1.9432659,9.251318796e-12,3.177942096e-11,9.251318796e-12,9.251318796e-12,9.251318796e-12,,,
1.99073015,7.824613565e-12,2.920733323e-11,7.824613565e-12,7.824613565e-12,7.824613565e-12,,,
2.03935371,6.617929702e-12,2.657242228e-11,6.617929702e-12,6.617929702e-12,6.617929702e-12,,,
2.08916491,5.597336300e-12,2.387315366e-11,5.597336300e-12,5.597336300e-12,5.597336300e-12,,,
2.14019274,4.734135155e-12,2.110795543e-11,4.734135155e-12,4.734135155e-12,4.734135155e-12,,,
2.19246693,4.004053797e-12,1.827521726e-11,4.004053797e-12,4.004053797e-12,4.004053797e-12,,,
2.24601791,3.386562970e-12,1.537328949e-11,3.386562970e-12,3.386562970e-12,3.386562970e-12,,,
2.30087687,2.864299365e-12,1.240048216e-11,2.864299365e-12,2.864299365e-12,2.864299365e-12,,,
2.35707577,2.422577382e-12,9.355064038e-12,2.422577382e-12,2.422577382e-12,2.422577382e-12,,,
2.41464732,2.048976180e-12,6.235261612e-12,2.048976180e-12,2.048976180e-12,2.048976180e-12,,,
2.47362506,1.732990416e-12,3.039258043e-12,1.732990416e-12,1.732990416e-12,1.732990416e-12,,,
2.5,1.610000000e-12,1.610000000e-12,1.610000000e-12,1.610000000e-12,1.610000000e-12,1.610000000e-12,experimental marker-centre digitization,REDW2020 Fig.6 digitized experimental CNA marker
2.53404333,1.498702494e-12,1.542117606e-12,1.498702494e-12,1.498702494e-12,1.498702494e-12,,,
2.59593731,1.318893207e-12,1.418701004e-12,1.318893207e-12,1.318893207e-12,1.318893207e-12,,,
2.65934305,1.160656834e-12,1.292269952e-12,1.160656834e-12,1.160656834e-12,1.160656834e-12,,,
2.72429748,1.021405130e-12,1.162750823e-12,1.021405130e-12,1.021405130e-12,1.021405130e-12,,,
2.79083842,8.988603761e-13,1.030068190e-12,8.988603761e-13,8.988603761e-13,8.988603761e-13,,,
2.85900462,7.910181302e-13,8.941447854e-13,7.910181302e-13,7.910181302e-13,7.910181302e-13,,,
2.92883578,6.961144344e-13,7.549014530e-13,6.961144344e-13,6.961144344e-13,6.961144344e-13,,,
3,6.130000000e-13,6.130000000e-13,6.130000000e-13,6.130000000e-13,6.130000000e-13,6.130000000e-13,experimental marker-centre digitization,REDW2020 Fig.6 digitized experimental CNA marker
3.00037257,6.126258481e-13,6.128271294e-13,6.126258481e-13,6.126258481e-13,6.126258481e-13,,,
3.07365664,5.440871970e-13,5.788233208e-13,5.440871970e-13,5.440871970e-13,5.440871970e-13,,,
3.14873067,4.832164343e-13,5.439889695e-13,4.832164343e-13,4.832164343e-13,4.832164343e-13,,,
3.22563838,4.291557010e-13,5.083037895e-13,4.291557010e-13,4.291557010e-13,4.291557010e-13,,,
3.30442457,3.811431123e-13,4.717469993e-13,3.811431123e-13,3.811431123e-13,3.811431123e-13,,,
3.38513511,3.385020209e-13,4.342973099e-13,3.385020209e-13,3.385020209e-13,3.385020209e-13,,,
3.467817,3.006314805e-13,3.959329121e-13,3.006314805e-13,3.006314805e-13,3.006314805e-13,,,
3.5525184,2.669977769e-13,3.566314644e-13,2.669977769e-13,2.669977769e-13,2.669977769e-13,,,
3.63928862,2.371269062e-13,3.163700792e-13,2.371269062e-13,2.371269062e-13,2.371269062e-13,,,
3.72817821,2.105978945e-13,2.751253100e-13,2.105978945e-13,2.105978945e-13,2.105978945e-13,,,
3.81923893,1.870368651e-13,2.328731378e-13,1.870368651e-13,1.870368651e-13,1.870368651e-13,,,
3.9125238,1.661117695e-13,1.895889566e-13,1.661117695e-13,1.661117695e-13,1.661117695e-13,,,
4,1.490000000e-13,1.490000000e-13,1.490000000e-13,1.490000000e-13,1.490000000e-13,1.490000000e-13,experimental marker-centre digitization,REDW2020 Fig.6 digitized experimental CNA marker
4.00808716,1.479497470e-13,1.483465578e-13,1.479497470e-13,1.479497470e-13,1.479497470e-13,,,
4.10598464,1.359597012e-13,1.404364407e-13,1.359597012e-13,1.359597012e-13,1.359597012e-13,,,
4.20627328,1.249413447e-13,1.323331190e-13,1.249413447e-13,1.249413447e-13,1.249413447e-13,,,
4.30901146,1.148159307e-13,1.240318738e-13,1.148159307e-13,1.148159307e-13,1.148159307e-13,,,
4.41425903,1.055110937e-13,1.155278708e-13,1.055110937e-13,1.055110937e-13,1.055110937e-13,,,
4.52207726,9.696033323e-14,1.068161575e-13,9.696033323e-14,9.696033323e-14,9.696033323e-14,,,
4.63252895,8.910253784e-14,9.789166078e-14,8.910253784e-14,8.910253784e-14,8.910253784e-14,,,
4.74567842,8.188154872e-14,8.874918329e-14,8.188154872e-14,8.188154872e-14,8.188154872e-14,,,
4.86159157,7.524575824e-14,7.938340087e-14,7.524575824e-14,7.524575824e-14,7.524575824e-14,,,
4.9803359,6.914774112e-14,6.978885931e-14,6.914774112e-14,6.914774112e-14,6.914774112e-14,,,
5,6.820000000e-14,6.820000000e-14,6.820000000e-14,6.820000000e-14,6.820000000e-14,6.820000000e-14,experimental marker-centre digitization,REDW2020 Fig.6 digitized experimental CNA marker
5.10198055,6.845391479e-14,6.829265662e-14,6.829265662e-14,6.845391479e-14,6.845391479e-14,,,
5.22659638,6.875862548e-14,6.840587900e-14,6.840587900e-14,6.875862548e-14,6.875862548e-14,,,
5.35425594,6.906469254e-14,6.852186683e-14,6.852186683e-14,6.906469254e-14,6.906469254e-14,,,
5.48503359,6.937212200e-14,6.864068766e-14,6.864068766e-14,6.937212200e-14,6.937212200e-14,,,
5.61900548,6.968091993e-14,6.876241070e-14,6.876241070e-14,6.968091993e-14,6.968091993e-14,,,
5.75624964,6.999109242e-14,6.888710681e-14,6.888710681e-14,6.999109242e-14,6.999109242e-14,,,
5.89684598,7.030264559e-14,6.901484863e-14,6.901484863e-14,7.030264559e-14,7.030264559e-14,,,
6.04087638,7.061558559e-14,6.914571054e-14,6.914571054e-14,7.061558559e-14,7.061558559e-14,,,
6.18842473,7.092991858e-14,6.927976875e-14,6.927976875e-14,7.092991858e-14,7.092991858e-14,,,
6.33957694,7.124565078e-14,6.941710134e-14,6.941710134e-14,7.124565078e-14,7.124565078e-14,,,
6.49442105,7.156278839e-14,6.955778827e-14,6.955778827e-14,7.156278839e-14,7.156278839e-14,,,
6.65304722,7.188133770e-14,6.970191147e-14,6.970191147e-14,7.188133770e-14,7.188133770e-14,,,
6.81554783,7.220130496e-14,6.984955489e-14,6.984955489e-14,7.220130496e-14,7.220130496e-14,,,
6.98201752,7.252269651e-14,7.000080449e-14,7.000080449e-14,7.252269651e-14,7.252269651e-14,,,
7.15255323,7.284551868e-14,7.015574836e-14,7.015574836e-14,7.284551868e-14,7.284551868e-14,,,
7.32725427,7.316977783e-14,7.031447674e-14,7.031447674e-14,7.316977783e-14,7.316977783e-14,,,
7.50622238,7.349548037e-14,7.047708205e-14,7.047708205e-14,7.349548037e-14,7.349548037e-14,,,
7.68956179,7.382263271e-14,7.064365900e-14,7.064365900e-14,7.382263271e-14,7.382263271e-14,,,
7.87737926,7.415124132e-14,7.081430459e-14,7.081430459e-14,7.415124132e-14,7.415124132e-14,,,
8.06978417,7.448131267e-14,7.098911819e-14,7.098911819e-14,7.448131267e-14,7.448131267e-14,,,
8.26688857,7.481285327e-14,7.116820162e-14,7.116820162e-14,7.481285327e-14,7.481285327e-14,,,
8.46880724,7.514586967e-14,7.135165915e-14,7.135165915e-14,7.514586967e-14,7.514586967e-14,,,
8.67565778,7.548036844e-14,7.153959764e-14,7.153959764e-14,7.548036844e-14,7.548036844e-14,,,
8.88756063,7.581635616e-14,7.173212652e-14,7.173212652e-14,7.581635616e-14,7.581635616e-14,,,
9.10463921,7.615383948e-14,7.192935791e-14,7.192935791e-14,7.615383948e-14,7.615383948e-14,,,
9.32701994,7.649282505e-14,7.213140668e-14,7.213140668e-14,7.649282505e-14,7.649282505e-14,,,
9.55483231,7.683331955e-14,7.233839049e-14,7.233839049e-14,7.683331955e-14,7.683331955e-14,,,
9.78820899,7.717532971e-14,7.255042988e-14,7.255042988e-14,7.717532971e-14,7.717532971e-14,,,
10.0272859,7.751886226e-14,7.276764833e-14,7.276764833e-14,7.751886226e-14,7.751886226e-14,,,
10.2722023,7.786392399e-14,7.299017234e-14,7.299017234e-14,7.786392399e-14,7.786392399e-14,,,
10.5231007,7.821052170e-14,7.321813149e-14,7.321813149e-14,7.821052170e-14,7.821052170e-14,,,
10.7801273,7.855866223e-14,7.345165854e-14,7.345165854e-14,7.855866223e-14,7.855866223e-14,,,
11.0434318,7.890835244e-14,7.369088949e-14,7.369088949e-14,7.890835244e-14,7.890835244e-14,,,
11.3131675,7.925959925e-14,7.393596365e-14,7.393596365e-14,7.925959925e-14,7.925959925e-14,,,
11.5894915,7.961240956e-14,7.418702375e-14,7.418702375e-14,7.961240956e-14,7.961240956e-14,,,
11.8725648,7.996679035e-14,7.444421599e-14,7.444421599e-14,7.996679035e-14,7.996679035e-14,,,
12.162552,8.032274861e-14,7.470769014e-14,7.470769014e-14,8.032274861e-14,8.032274861e-14,,,
12.4596223,8.068029135e-14,7.497759965e-14,7.497759965e-14,8.068029135e-14,8.068029135e-14,,,
12.7639484,8.103942563e-14,7.525410170e-14,7.525410170e-14,8.103942563e-14,8.103942563e-14,,,
13.0757077,8.140015853e-14,7.553735730e-14,7.553735730e-14,8.140015853e-14,8.140015853e-14,,,
13.3950818,8.176249717e-14,7.582753142e-14,7.582753142e-14,8.176249717e-14,8.176249717e-14,,,
13.7222565,8.212644871e-14,7.612479304e-14,7.612479304e-14,8.212644871e-14,8.212644871e-14,,,
14.0574225,8.249202030e-14,7.642931528e-14,7.642931528e-14,8.249202030e-14,8.249202030e-14,,,
14.4007749,8.285921918e-14,7.674127546e-14,7.674127546e-14,8.285921918e-14,8.285921918e-14,,,
14.7525137,8.322805258e-14,7.706085527e-14,7.706085527e-14,8.322805258e-14,8.322805258e-14,,,
15.1128437,8.359852777e-14,7.738824081e-14,7.738824081e-14,8.359852777e-14,8.359852777e-14,,,
15.4819747,8.397065207e-14,7.772362275e-14,7.772362275e-14,8.397065207e-14,8.397065207e-14,,,
15.8601218,8.434443282e-14,7.806719638e-14,7.806719638e-14,8.434443282e-14,8.434443282e-14,,,
16.2475051,8.471987739e-14,7.841916179e-14,7.841916179e-14,8.471987739e-14,8.471987739e-14,,,
16.6443503,8.509699319e-14,7.877972396e-14,7.877972396e-14,8.509699319e-14,8.509699319e-14,,,
17.0508884,8.547578765e-14,7.914909286e-14,7.914909286e-14,8.547578765e-14,8.547578765e-14,,,
17.4673561,8.585626824e-14,7.952748358e-14,7.952748358e-14,8.585626824e-14,8.585626824e-14,,,
17.8939961,8.623844248e-14,7.991511650e-14,7.991511650e-14,8.623844248e-14,8.623844248e-14,,,
18.3310568,8.662231791e-14,8.031221734e-14,8.031221734e-14,8.662231791e-14,8.662231791e-14,,,
18.7787927,8.700790208e-14,8.071901737e-14,8.071901737e-14,8.700790208e-14,8.700790208e-14,,,
19.2374645,8.739520262e-14,8.113575349e-14,8.113575349e-14,8.739520262e-14,8.739520262e-14,,,
19.7073394,8.778422716e-14,8.156266838e-14,8.156266838e-14,8.778422716e-14,8.778422716e-14,,,
20.188691,8.817498338e-14,8.200001067e-14,8.200001067e-14,8.817498338e-14,8.817498338e-14,,,
20.6817996,8.856747897e-14,8.244803503e-14,8.244803503e-14,8.856747897e-14,8.856747897e-14,,,
21.1869523,8.896172170e-14,8.290700239e-14,8.290700239e-14,8.896172170e-14,8.896172170e-14,,,
21.7044434,8.935771932e-14,8.337718002e-14,8.337718002e-14,8.935771932e-14,8.935771932e-14,,,
22.2345742,8.975547966e-14,8.385884173e-14,8.385884173e-14,8.975547966e-14,8.975547966e-14,,,
22.7776535,9.015501056e-14,8.435226803e-14,8.435226803e-14,9.015501056e-14,9.015501056e-14,,,
23.3339974,9.055631991e-14,8.485774625e-14,8.485774625e-14,9.055631991e-14,9.055631991e-14,,,
23.9039301,9.095941561e-14,8.537557078e-14,8.537557078e-14,9.095941561e-14,9.095941561e-14,,,
24.4877834,9.136430562e-14,8.590604317e-14,8.590604317e-14,9.136430562e-14,9.136430562e-14,,,
25.0858972,9.177099794e-14,8.644947234e-14,8.644947234e-14,9.177099794e-14,9.177099794e-14,,,
25.69862,9.217950057e-14,8.700617476e-14,8.700617476e-14,9.217950057e-14,9.217950057e-14,,,
26.3263086,9.258982158e-14,8.757647464e-14,8.757647464e-14,9.258982158e-14,9.258982158e-14,,,
26.9693284,9.300196906e-14,8.816070408e-14,8.816070408e-14,9.300196906e-14,9.300196906e-14,,,
27.628054,9.341595114e-14,8.875920332e-14,8.875920332e-14,9.341595114e-14,9.341595114e-14,,,
28.3028689,9.383177600e-14,8.937232090e-14,8.937232090e-14,9.383177600e-14,9.383177600e-14,,,
28.9941662,9.424945182e-14,9.000041387e-14,9.000041387e-14,9.424945182e-14,9.424945182e-14,,,
29,9.425294181e-14,9.000571429e-14,9.000571429e-14,9.425294181e-14,9.425294181e-14,,,
29.7023484,9.466898686e-14,9.064384801e-14,9.064384801e-14,9.466898686e-14,9.466898686e-14,,,
30.427828,9.509038938e-14,9.130299801e-14,9.130299801e-14,9.509038938e-14,9.509038938e-14,,,
31.1710274,9.551366771e-14,9.197824775e-14,9.197824775e-14,9.551366771e-14,9.551366771e-14,,,
31.9323794,9.593883018e-14,9.266999046e-14,9.266999046e-14,9.593883018e-14,9.593883018e-14,,,
32.7123275,9.636588519e-14,9.337862898e-14,9.337862898e-14,9.636588519e-14,9.636588519e-14,,,
33.5113258,9.679484116e-14,9.410457598e-14,9.410457598e-14,9.679484116e-14,9.679484116e-14,,,
34.3298396,9.722570656e-14,9.484825424e-14,9.484825424e-14,9.722570656e-14,9.722570656e-14,,,
35.1683456,9.765848988e-14,9.561009683e-14,9.561009683e-14,9.765848988e-14,9.765848988e-14,,,
36.0273321,9.809319965e-14,9.639054741e-14,9.639054741e-14,9.809319965e-14,9.809319965e-14,,,
36.9072993,9.852984446e-14,9.719006049e-14,9.719006049e-14,9.852984446e-14,9.852984446e-14,,,
37.8087597,9.896843292e-14,9.800910168e-14,9.800910168e-14,9.896843292e-14,9.896843292e-14,,,
38.7322383,9.940897368e-14,9.884814793e-14,9.884814793e-14,9.940897368e-14,9.940897368e-14,,,
39.6782728,9.985147543e-14,9.970768788e-14,9.970768788e-14,9.985147543e-14,9.985147543e-14,,,
40,1.000000000e-13,1.000000000e-13,1.000000000e-13,1.000000000e-13,1.000000000e-13,1.000000000e-13,experimental marker-centre digitization,PDI2021 Fig.3 digitized experimental KVI marker
40.6474143,9.975624490e-14,9.983814644e-14,9.975624490e-14,9.975624490e-14,9.975624490e-14,,,
41.6402269,9.939100347e-14,9.958994326e-14,9.939100347e-14,9.939100347e-14,9.939100347e-14,,,
42.6572891,9.902709932e-14,9.933567773e-14,9.902709932e-14,9.902709932e-14,9.902709932e-14,,,
43.6991929,9.866452754e-14,9.907520176e-14,9.866452754e-14,9.866452754e-14,9.866452754e-14,,,
44.7665453,9.830328326e-14,9.880836368e-14,9.830328326e-14,9.830328326e-14,9.830328326e-14,,,
45.8599677,9.794336162e-14,9.853500807e-14,9.794336162e-14,9.794336162e-14,9.794336162e-14,,,
46.980097,9.758475777e-14,9.825497575e-14,9.758475777e-14,9.758475777e-14,9.758475777e-14,,,
48.1275854,9.722746689e-14,9.796810365e-14,9.722746689e-14,9.722746689e-14,9.722746689e-14,,,
49.3031012,9.687148418e-14,9.767422470e-14,9.687148418e-14,9.687148418e-14,9.687148418e-14,,,
50.5073289,9.651680484e-14,9.737316776e-14,9.651680484e-14,9.651680484e-14,9.651680484e-14,,,
51.74097,9.616342410e-14,9.706475751e-14,9.616342410e-14,9.616342410e-14,9.616342410e-14,,,
53.0047426,9.581133721e-14,9.674881434e-14,9.581133721e-14,9.581133721e-14,9.581133721e-14,,,
54.299383,9.546053942e-14,9.642515426e-14,9.546053942e-14,9.546053942e-14,9.546053942e-14,,,
55.6256448,9.511102603e-14,9.609358879e-14,9.511102603e-14,9.511102603e-14,9.511102603e-14,,,
56.9843007,9.476279232e-14,9.575392483e-14,9.476279232e-14,9.476279232e-14,9.476279232e-14,,,
58.3761417,9.441583362e-14,9.540596459e-14,9.441583362e-14,9.441583362e-14,9.441583362e-14,,,
59.8019783,9.407014525e-14,9.504950541e-14,9.407014525e-14,9.407014525e-14,9.407014525e-14,,,
61.2626411,9.372572256e-14,9.468433973e-14,9.372572256e-14,9.372572256e-14,9.372572256e-14,,,
62.7589805,9.338256092e-14,9.431025488e-14,9.338256092e-14,9.338256092e-14,9.338256092e-14,,,
64.291868,9.304065571e-14,9.392703301e-14,9.304065571e-14,9.304065571e-14,9.304065571e-14,,,
65.8621962,9.270000233e-14,9.353445095e-14,9.270000233e-14,9.270000233e-14,9.270000233e-14,,,
67.4708797,9.236059620e-14,9.313228008e-14,9.236059620e-14,9.236059620e-14,9.236059620e-14,,,
69.1188553,9.202243275e-14,9.272028618e-14,9.202243275e-14,9.202243275e-14,9.202243275e-14,,,
70.8070826,9.168550743e-14,9.229822935e-14,9.168550743e-14,9.168550743e-14,9.168550743e-14,,,
72.5365449,9.134981570e-14,9.186586377e-14,9.134981570e-14,9.134981570e-14,9.134981570e-14,,,
74.3082493,9.101535306e-14,9.142293767e-14,9.101535306e-14,9.101535306e-14,9.101535306e-14,,,
76.1232276,9.068211500e-14,9.096919311e-14,9.068211500e-14,9.068211500e-14,9.068211500e-14,,,
77.9825366,9.035009704e-14,9.050436584e-14,9.035009704e-14,9.035009704e-14,9.035009704e-14,,,
79.8872593,9.001929471e-14,9.002818517e-14,9.001929471e-14,9.001929471e-14,9.001929471e-14,,,
80,9.000000000e-14,9.000000000e-14,9.000000000e-14,9.000000000e-14,9.000000000e-14,9.000000000e-14,experimental marker-centre digitization,PDI2021 Fig.3 digitized experimental KVI marker
81.8385049,8.945209568e-14,8.958215799e-14,8.945209568e-14,8.945209568e-14,8.945209568e-14,,,
83.8374095,8.887383629e-14,8.912786147e-14,8.887383629e-14,8.887383629e-14,8.887383629e-14,,,
85.8851374,8.829931503e-14,8.866246877e-14,8.829931503e-14,8.829931503e-14,8.829931503e-14,,,
87.9828811,8.772850775e-14,8.818570885e-14,8.772850775e-14,8.772850775e-14,8.772850775e-14,,,
90.1318621,8.716139042e-14,8.769730408e-14,8.716139042e-14,8.716139042e-14,8.716139042e-14,,,
92.3333319,8.659793920e-14,8.719697002e-14,8.659793920e-14,8.659793920e-14,8.659793920e-14,,,
94.5885726,8.603813039e-14,8.668441531e-14,8.603813039e-14,8.603813039e-14,8.603813039e-14,,,
96.8988976,8.548194043e-14,8.615934146e-14,8.548194043e-14,8.548194043e-14,8.548194043e-14,,,
99.2656522,8.492934595e-14,8.562144268e-14,8.492934595e-14,8.492934595e-14,8.492934595e-14,,,
101.690215,8.438032369e-14,8.507040573e-14,8.438032369e-14,8.438032369e-14,8.438032369e-14,,,
104.173997,8.383485056e-14,8.450590971e-14,8.383485056e-14,8.383485056e-14,8.383485056e-14,,,
106.718446,8.329290362e-14,8.392762588e-14,8.329290362e-14,8.329290362e-14,8.329290362e-14,,,
109.325043,8.275446007e-14,8.333521747e-14,8.275446007e-14,8.275446007e-14,8.275446007e-14,,,
111.995306,8.221949727e-14,8.272833949e-14,8.221949727e-14,8.221949727e-14,8.221949727e-14,,,
114.73079,8.168799271e-14,8.210663853e-14,8.168799271e-14,8.168799271e-14,8.168799271e-14,,,
117.533089,8.115992405e-14,8.146975252e-14,8.115992405e-14,8.115992405e-14,8.115992405e-14,,,
120.403833,8.063526906e-14,8.081731058e-14,8.063526906e-14,8.063526906e-14,8.063526906e-14,,,
123.344696,8.011400568e-14,8.014893275e-14,8.011400568e-14,8.011400568e-14,8.011400568e-14,,,
124,8.000000000e-14,8.000000000e-14,8.000000000e-14,8.000000000e-14,8.000000000e-14,8.000000000e-14,experimental marker-centre digitization,PDI2021 Fig.3 digitized experimental KVI marker
126.357389,7.986368432e-14,7.988213056e-14,7.986368432e-14,7.986368432e-14,7.986368432e-14,,,
129.443667,7.968935472e-14,7.972781666e-14,7.968935472e-14,7.968935472e-14,7.968935472e-14,,,
132.605327,7.951540565e-14,7.956973364e-14,7.951540565e-14,7.951540565e-14,7.951540565e-14,,,
135.844211,7.934183629e-14,7.940778945e-14,7.934183629e-14,7.934183629e-14,7.934183629e-14,,,
139.162204,7.916864579e-14,7.924188978e-14,7.916864579e-14,7.916864579e-14,7.916864579e-14,,,
142.56124,7.899583335e-14,7.907193800e-14,7.899583335e-14,7.899583335e-14,7.899583335e-14,,,
146.043297,7.882339813e-14,7.889783516e-14,7.882339813e-14,7.882339813e-14,7.882339813e-14,,,
149.610403,7.865133930e-14,7.871947986e-14,7.865133930e-14,7.865133930e-14,7.865133930e-14,,,
153.264635,7.847965606e-14,7.853676823e-14,7.847965606e-14,7.847965606e-14,7.847965606e-14,,,
157.008123,7.830834757e-14,7.834959387e-14,7.830834757e-14,7.830834757e-14,7.830834757e-14,,,
160.843045,7.813741302e-14,7.815784777e-14,7.813741302e-14,7.813741302e-14,7.813741302e-14,,,
164,7.800000000e-14,7.800000000e-14,7.800000000e-14,7.800000000e-14,7.800000000e-14,7.800000000e-14,experimental marker-centre digitization,PDI2021 Fig.3 digitized experimental KVI marker
164.771634,7.797132109e-14,7.797299280e-14,7.797132109e-14,7.797132109e-14,7.797132109e-14,,,
168.79618,7.782405317e-14,7.783213370e-14,7.782405317e-14,7.782405317e-14,7.782405317e-14,,,
172.919025,7.767706340e-14,7.768783413e-14,7.767706340e-14,7.767706340e-14,7.767706340e-14,,,
177.14257,7.753035126e-14,7.754001004e-14,7.753035126e-14,7.753035126e-14,7.753035126e-14,,,
181.469276,7.738391622e-14,7.738857534e-14,7.738391622e-14,7.738391622e-14,7.738391622e-14,,,
184,7.730000000e-14,7.730000000e-14,7.730000000e-14,7.730000000e-14,7.730000000e-14,7.730000000e-14,exact published literature anchor,Cecchetto et al. 10.1109/TNS.2021.3064666
185.901661,8.176357710e-14,8.176890378e-14,8.176357710e-14,8.176357710e-14,8.176357710e-14,,,
186,8.200000000e-14,8.200000000e-14,8.200000000e-14,8.200000000e-14,8.200000000e-14,8.200000000e-14,experimental marker-centre digitization,PDI2021 Fig.3 digitized experimental KVI marker
190.442307,8.200000000e-14,8.200000000e-14,8.200000000e-14,8.200000000e-14,0.000000000e+00,,,
195.093859,8.200000000e-14,8.200000000e-14,8.200000000e-14,8.200000000e-14,0.000000000e+00,,,
199.859024,8.200000000e-14,8.200000000e-14,8.200000000e-14,8.200000000e-14,0.000000000e+00,,,
204.740579,8.200000000e-14,8.200000000e-14,8.200000000e-14,8.200000000e-14,0.000000000e+00,,,
209.741366,8.200000000e-14,8.200000000e-14,8.200000000e-14,8.200000000e-14,0.000000000e+00,,,
214.864297,8.200000000e-14,8.200000000e-14,8.200000000e-14,8.200000000e-14,0.000000000e+00,,,
220.112355,8.200000000e-14,8.200000000e-14,8.200000000e-14,8.200000000e-14,0.000000000e+00,,,
225.488597,8.200000000e-14,8.200000000e-14,8.200000000e-14,8.200000000e-14,0.000000000e+00,,,
230.996154,8.200000000e-14,8.200000000e-14,8.200000000e-14,8.200000000e-14,0.000000000e+00,,,
236.638233,8.200000000e-14,8.200000000e-14,8.200000000e-14,8.200000000e-14,0.000000000e+00,,,
242.418119,8.200000000e-14,8.200000000e-14,8.200000000e-14,8.200000000e-14,0.000000000e+00,,,
248.339179,8.200000000e-14,8.200000000e-14,8.200000000e-14,8.200000000e-14,0.000000000e+00,,,
254.404861,8.200000000e-14,8.200000000e-14,8.200000000e-14,8.200000000e-14,0.000000000e+00,,,
260.618697,8.200000000e-14,8.200000000e-14,8.200000000e-14,8.200000000e-14,0.000000000e+00,,,
266.984307,8.200000000e-14,8.200000000e-14,8.200000000e-14,8.200000000e-14,0.000000000e+00,,,
273.505396,8.200000000e-14,8.200000000e-14,8.200000000e-14,8.200000000e-14,0.000000000e+00,,,
280.185762,8.200000000e-14,8.200000000e-14,8.200000000e-14,8.200000000e-14,0.000000000e+00,,,
287.029297,8.200000000e-14,8.200000000e-14,8.200000000e-14,8.200000000e-14,0.000000000e+00,,,
294.039984,8.200000000e-14,8.200000000e-14,8.200000000e-14,8.200000000e-14,0.000000000e+00,,,
301.221908,8.200000000e-14,8.200000000e-14,8.200000000e-14,8.200000000e-14,0.000000000e+00,,,
308.57925,8.200000000e-14,8.200000000e-14,8.200000000e-14,8.200000000e-14,0.000000000e+00,,,
316.116295,8.200000000e-14,8.200000000e-14,8.200000000e-14,8.200000000e-14,0.000000000e+00,,,
323.837433,8.200000000e-14,8.200000000e-14,8.200000000e-14,8.200000000e-14,0.000000000e+00,,,
331.747159,8.200000000e-14,8.200000000e-14,8.200000000e-14,8.200000000e-14,0.000000000e+00,,,
339.85008,8.200000000e-14,8.200000000e-14,8.200000000e-14,8.200000000e-14,0.000000000e+00,,,
348.150915,8.200000000e-14,8.200000000e-14,8.200000000e-14,8.200000000e-14,0.000000000e+00,,,
356.654498,8.200000000e-14,8.200000000e-14,8.200000000e-14,8.200000000e-14,0.000000000e+00,,,
365.36578,8.200000000e-14,8.200000000e-14,8.200000000e-14,8.200000000e-14,0.000000000e+00,,,
374.289836,8.200000000e-14,8.200000000e-14,8.200000000e-14,8.200000000e-14,0.000000000e+00,,,
383.431861,8.200000000e-14,8.200000000e-14,8.200000000e-14,8.200000000e-14,0.000000000e+00,,,
392.797181,8.200000000e-14,8.200000000e-14,8.200000000e-14,8.200000000e-14,0.000000000e+00,,,
402.391248,8.200000000e-14,8.200000000e-14,8.200000000e-14,8.200000000e-14,0.000000000e+00,,,
412.21965,8.200000000e-14,8.200000000e-14,8.200000000e-14,8.200000000e-14,0.000000000e+00,,,
422.288111,8.200000000e-14,8.200000000e-14,8.200000000e-14,8.200000000e-14,0.000000000e+00,,,
432.602494,8.200000000e-14,8.200000000e-14,8.200000000e-14,8.200000000e-14,0.000000000e+00,,,
443.168806,8.200000000e-14,8.200000000e-14,8.200000000e-14,8.200000000e-14,0.000000000e+00,,,
453.993199,8.200000000e-14,8.200000000e-14,8.200000000e-14,8.200000000e-14,0.000000000e+00,,,
465.081979,8.200000000e-14,8.200000000e-14,8.200000000e-14,8.200000000e-14,0.000000000e+00,,,
476.441602,8.200000000e-14,8.200000000e-14,8.200000000e-14,8.200000000e-14,0.000000000e+00,,,
488.078683,8.200000000e-14,8.200000000e-14,8.200000000e-14,8.200000000e-14,0.000000000e+00,,,
500,8.200000000e-14,8.200000000e-14,8.200000000e-14,8.200000000e-14,0.000000000e+00,,,
